version,model_type,config,feature_set,n_features,fold,r2_uniform,mae_mean_pp
LGBM,LightGBM,base,VegIdx+RedEdge+TC+NDTI+IRECI+CRI1,438,0,0.8232785105159293,3.036082031314681
LGBM,LightGBM,n200,VegIdx+RedEdge+TC+NDTI+IRECI+CRI1,438,0,0.8160681720369171,3.1030667889656374
LGBM,LightGBM,n1000,VegIdx+RedEdge+TC+NDTI+IRECI+CRI1,438,0,0.8253729703841516,3.029284528497043
LGBM,LightGBM,n2000,VegIdx+RedEdge+TC+NDTI+IRECI+CRI1,438,0,0.8258881865498992,3.033491726826339
LGBM,LightGBM,depth4,VegIdx+RedEdge+TC+NDTI+IRECI+CRI1,438,0,0.8174136762176462,3.126792936122288
LGBM,LightGBM,depth8,VegIdx+RedEdge+TC+NDTI+IRECI+CRI1,438,0,0.8263578179821239,3.033483040178155
LGBM,LightGBM,depth12,VegIdx+RedEdge+TC+NDTI+IRECI+CRI1,438,0,0.8265277846994633,3.023924812491399
LGBM,LightGBM,depth_none,VegIdx+RedEdge+TC+NDTI+IRECI+CRI1,438,0,0.8260388478912382,3.0350738529301013
LGBM,LightGBM,leaves15,VegIdx+RedEdge+TC+NDTI+IRECI+CRI1,438,0,0.8215925904126129,3.103303282047124
LGBM,LightGBM,leaves63,VegIdx+RedEdge+TC+NDTI+IRECI+CRI1,438,0,0.8285976298387183,3.0117304816018247
LGBM,LightGBM,leaves127,VegIdx+RedEdge+TC+NDTI+IRECI+CRI1,438,0,0.8285976298387183,3.0117304816018247
LGBM,LightGBM,leaves255,VegIdx+RedEdge+TC+NDTI+IRECI+CRI1,438,0,0.8285976298387183,3.0117304816018247
LGBM,LightGBM,lr0.01,VegIdx+RedEdge+TC+NDTI+IRECI+CRI1,438,0,0.8076769240871412,3.265211127285663
LGBM,LightGBM,lr0.1,VegIdx+RedEdge+TC+NDTI+IRECI+CRI1,438,0,0.817763256071046,3.082716382064464
LGBM,LightGBM,lr0.2,VegIdx+RedEdge+TC+NDTI+IRECI+CRI1,438,0,0.8188028090082433,3.212502134607159
LGBM,LightGBM,reg0.0,VegIdx+RedEdge+TC+NDTI+IRECI+CRI1,438,0,0.8232294315564891,3.0246519440805213
LGBM,LightGBM,reg1.0,VegIdx+RedEdge+TC+NDTI+IRECI+CRI1,438,0,0.8228912435535101,3.020496783097338
LGBM,LightGBM,reg5.0,VegIdx+RedEdge+TC+NDTI+IRECI+CRI1,438,0,0.8229949122572551,3.0342100909561536
LGBM,LightGBM,reg10.0,VegIdx+RedEdge+TC+NDTI+IRECI+CRI1,438,0,0.8273981998572381,3.0221626223129188
LGBM,LightGBM,ss0.6,VegIdx+RedEdge+TC+NDTI+IRECI+CRI1,438,0,0.8244494510975692,3.001568432250337
LGBM,LightGBM,ss0.7,VegIdx+RedEdge+TC+NDTI+IRECI+CRI1,438,0,0.8207757149649493,3.026476294537173
LGBM,LightGBM,ss1.0,VegIdx+RedEdge+TC+NDTI+IRECI+CRI1,438,0,0.8232785105159293,3.036082031314681
LGBM,LightGBM,cs0.5,VegIdx+RedEdge+TC+NDTI+IRECI+CRI1,438,0,0.8248221473684336,2.996605720054225
LGBM,LightGBM,cs0.7,VegIdx+RedEdge+TC+NDTI+IRECI+CRI1,438,0,0.824904086952972,3.013171182087425
LGBM,LightGBM,cs1.0,VegIdx+RedEdge+TC+NDTI+IRECI+CRI1,438,0,0.823509929966233,3.038305079142534
LGBM,LightGBM,mcs5,VegIdx+RedEdge+TC+NDTI+IRECI+CRI1,438,0,0.8251826345737875,3.057229735377502
LGBM,LightGBM,mcs50,VegIdx+RedEdge+TC+NDTI+IRECI+CRI1,438,0,0.8016207114929178,3.0554513579816
LGBM,LightGBM,mcs100,VegIdx+RedEdge+TC+NDTI+IRECI+CRI1,438,0,0.786606438429307,3.127063643179531
LGBM,LightGBM,strong_deep,VegIdx+RedEdge+TC+NDTI+IRECI+CRI1,438,0,0.8234090498723927,2.9841226428678773
LGBM,LightGBM,strong_conservative,VegIdx+RedEdge+TC+NDTI+IRECI+CRI1,438,0,0.8127473198303168,2.958375715651627
LGBM,LightGBM,strong_shallow,VegIdx+RedEdge+TC+NDTI+IRECI+CRI1,438,0,0.825031986540405,3.0400091654344528
LGBM,LightGBM,strong_wide,VegIdx+RedEdge+TC+NDTI+IRECI+CRI1,438,0,0.8299947785867586,2.9640032419379363
LGBM,LightGBM,base,VegIdx+RedEdge+TC+NDTI+CRI1,408,0,0.8239782411676142,3.037682516850164
LGBM,LightGBM,n200,VegIdx+RedEdge+TC+NDTI+CRI1,408,0,0.8160280064727661,3.112680032555786
LGBM,LightGBM,n1000,VegIdx+RedEdge+TC+NDTI+CRI1,408,0,0.8258362973216128,3.028047244858156
LGBM,LightGBM,n2000,VegIdx+RedEdge+TC+NDTI+CRI1,408,0,0.8262004333262372,3.0318221077879124
LGBM,LightGBM,depth4,VegIdx+RedEdge+TC+NDTI+CRI1,408,0,0.8182277123051817,3.1484332395780523
LGBM,LightGBM,depth8,VegIdx+RedEdge+TC+NDTI+CRI1,408,0,0.8266721938638559,3.0210438742699086
LGBM,LightGBM,depth12,VegIdx+RedEdge+TC+NDTI+CRI1,408,0,0.8266150699753799,3.02414927014938
LGBM,LightGBM,depth_none,VegIdx+RedEdge+TC+NDTI+CRI1,408,0,0.8304136017924657,3.026676764579192
LGBM,LightGBM,leaves15,VegIdx+RedEdge+TC+NDTI+CRI1,408,0,0.8203836830729215,3.0979126029513067
LGBM,LightGBM,leaves63,VegIdx+RedEdge+TC+NDTI+CRI1,408,0,0.8244180519706775,3.0187580374143343
LGBM,LightGBM,leaves127,VegIdx+RedEdge+TC+NDTI+CRI1,408,0,0.8244180519706775,3.0187580374143343
LGBM,LightGBM,leaves255,VegIdx+RedEdge+TC+NDTI+CRI1,408,0,0.8244180519706775,3.0187580374143343
LGBM,LightGBM,lr0.01,VegIdx+RedEdge+TC+NDTI+CRI1,408,0,0.8086050808226634,3.279467449435209
LGBM,LightGBM,lr0.1,VegIdx+RedEdge+TC+NDTI+CRI1,408,0,0.8248552713689353,3.0750633482201084
LGBM,LightGBM,lr0.2,VegIdx+RedEdge+TC+NDTI+CRI1,408,0,0.816232378387892,3.2096362543318167
LGBM,LightGBM,reg0.0,VegIdx+RedEdge+TC+NDTI+CRI1,408,0,0.8238264862592146,3.049950327212718
LGBM,LightGBM,reg1.0,VegIdx+RedEdge+TC+NDTI+CRI1,408,0,0.8246801286006947,3.0331464083137387
LGBM,LightGBM,reg5.0,VegIdx+RedEdge+TC+NDTI+CRI1,408,0,0.8236666104054441,3.0336364358414065
LGBM,LightGBM,reg10.0,VegIdx+RedEdge+TC+NDTI+CRI1,408,0,0.823362057829887,3.0330038931586074
LGBM,LightGBM,ss0.6,VegIdx+RedEdge+TC+NDTI+CRI1,408,0,0.8227027821541891,3.027047087987369
LGBM,LightGBM,ss0.7,VegIdx+RedEdge+TC+NDTI+CRI1,408,0,0.821336767614124,3.01042927334831
LGBM,LightGBM,ss1.0,VegIdx+RedEdge+TC+NDTI+CRI1,408,0,0.8239782411676142,3.037682516850164
LGBM,LightGBM,cs0.5,VegIdx+RedEdge+TC+NDTI+CRI1,408,0,0.8267274743549803,3.0006658375019915
LGBM,LightGBM,cs0.7,VegIdx+RedEdge+TC+NDTI+CRI1,408,0,0.8239702526646678,3.0187488109239458
LGBM,LightGBM,cs1.0,VegIdx+RedEdge+TC+NDTI+CRI1,408,0,0.8206408611083039,3.0500817983810022
LGBM,LightGBM,mcs5,VegIdx+RedEdge+TC+NDTI+CRI1,408,0,0.8212039993792318,3.044156856773105
LGBM,LightGBM,mcs50,VegIdx+RedEdge+TC+NDTI+CRI1,408,0,0.8037872425951674,3.08152891744443
LGBM,LightGBM,mcs100,VegIdx+RedEdge+TC+NDTI+CRI1,408,0,0.7899443543493011,3.1190906472207667
LGBM,LightGBM,strong_deep,VegIdx+RedEdge+TC+NDTI+CRI1,408,0,0.8257543622947905,2.9843788839085907
LGBM,LightGBM,strong_conservative,VegIdx+RedEdge+TC+NDTI+CRI1,408,0,0.8092773567229625,2.9658459648493123
LGBM,LightGBM,strong_shallow,VegIdx+RedEdge+TC+NDTI+CRI1,408,0,0.827638241617799,3.0578595164414124
LGBM,LightGBM,strong_wide,VegIdx+RedEdge+TC+NDTI+CRI1,408,0,0.82972108131237,2.9604215454079483
LGBM,LightGBM,base,VegIdx+RedEdge+TC,348,0,0.8077771821163645,3.0534405221865413
LGBM,LightGBM,n200,VegIdx+RedEdge+TC,348,0,0.7989331754687242,3.108048803599659
LGBM,LightGBM,n1000,VegIdx+RedEdge+TC,348,0,0.8100463415023244,3.042404723610963
LGBM,LightGBM,n2000,VegIdx+RedEdge+TC,348,0,0.8103527243855781,3.044438269727125
LGBM,LightGBM,depth4,VegIdx+RedEdge+TC,348,0,0.8015557378023913,3.159482909847005
LGBM,LightGBM,depth8,VegIdx+RedEdge+TC,348,0,0.8127234772171684,3.035950973172968
LGBM,LightGBM,depth12,VegIdx+RedEdge+TC,348,0,0.8119272466692212,3.0355996215470986
LGBM,LightGBM,depth_none,VegIdx+RedEdge+TC,348,0,0.8156699229949075,3.039958833751132
LGBM,LightGBM,leaves15,VegIdx+RedEdge+TC,348,0,0.805457004555106,3.127015284482357
LGBM,LightGBM,leaves63,VegIdx+RedEdge+TC,348,0,0.8081695733902915,3.040053630070377
LGBM,LightGBM,leaves127,VegIdx+RedEdge+TC,348,0,0.8081695733902915,3.040053630070377
LGBM,LightGBM,leaves255,VegIdx+RedEdge+TC,348,0,0.8081695733902915,3.040053630070377
LGBM,LightGBM,lr0.01,VegIdx+RedEdge+TC,348,0,0.7899229315227112,3.267009671006623
LGBM,LightGBM,lr0.1,VegIdx+RedEdge+TC,348,0,0.8057432285911355,3.1137858954141926
LGBM,LightGBM,lr0.2,VegIdx+RedEdge+TC,348,0,0.8002000104999425,3.2003138082297244
LGBM,LightGBM,reg0.0,VegIdx+RedEdge+TC,348,0,0.8084081809760506,3.049754214300708
LGBM,LightGBM,reg1.0,VegIdx+RedEdge+TC,348,0,0.8086766823777182,3.059787088607882
LGBM,LightGBM,reg5.0,VegIdx+RedEdge+TC,348,0,0.8067956439013484,3.057286888843804
LGBM,LightGBM,reg10.0,VegIdx+RedEdge+TC,348,0,0.8107602832958628,3.03711536272048
LGBM,LightGBM,ss0.6,VegIdx+RedEdge+TC,348,0,0.8060021862266201,3.034594934233368
LGBM,LightGBM,ss0.7,VegIdx+RedEdge+TC,348,0,0.8094920530060454,3.0473371536924723
LGBM,LightGBM,ss1.0,VegIdx+RedEdge+TC,348,0,0.8077771821163645,3.0534405221865413
LGBM,LightGBM,cs0.5,VegIdx+RedEdge+TC,348,0,0.811021679472952,3.030453452617475
LGBM,LightGBM,cs0.7,VegIdx+RedEdge+TC,348,0,0.8096503744625881,3.0571006791729998
LGBM,LightGBM,cs1.0,VegIdx+RedEdge+TC,348,0,0.8063381362810552,3.0722243098371087
LGBM,LightGBM,mcs5,VegIdx+RedEdge+TC,348,0,0.8186209046376779,3.068028450302821
LGBM,LightGBM,mcs50,VegIdx+RedEdge+TC,348,0,0.7911346751804386,3.0824234074256145
LGBM,LightGBM,mcs100,VegIdx+RedEdge+TC,348,0,0.7756662752927911,3.1329841354759544
LGBM,LightGBM,strong_deep,VegIdx+RedEdge+TC,348,0,0.816265907645006,2.99065426978208
LGBM,LightGBM,strong_conservative,VegIdx+RedEdge+TC,348,0,0.8001728859141343,2.971423094470153
LGBM,LightGBM,strong_shallow,VegIdx+RedEdge+TC,348,0,0.8108237262905634,3.0675300288793657
LGBM,LightGBM,strong_wide,VegIdx+RedEdge+TC,348,0,0.8157675415351231,2.985215704301283
LGBM,LightGBM,base,VegIdx+RedEdge+TC+NDTI+IRECI+CRI1,438,1,0.7244958529418047,4.0493282189861
LGBM,LightGBM,n200,VegIdx+RedEdge+TC+NDTI+IRECI+CRI1,438,1,0.723985636234616,4.112907974228256
LGBM,LightGBM,n1000,VegIdx+RedEdge+TC+NDTI+IRECI+CRI1,438,1,0.724213582767899,4.040640086799407
LGBM,LightGBM,n2000,VegIdx+RedEdge+TC+NDTI+IRECI+CRI1,438,1,0.723731812789559,4.046091390169585
LGBM,LightGBM,depth4,VegIdx+RedEdge+TC+NDTI+IRECI+CRI1,438,1,0.7253653849331391,4.146379038512841
LGBM,LightGBM,depth8,VegIdx+RedEdge+TC+NDTI+IRECI+CRI1,438,1,0.7207244321231125,4.0617512791180514
LGBM,LightGBM,depth12,VegIdx+RedEdge+TC+NDTI+IRECI+CRI1,438,1,0.718598993902864,4.065542061324679
LGBM,LightGBM,depth_none,VegIdx+RedEdge+TC+NDTI+IRECI+CRI1,438,1,0.7164430190350609,4.0606822694413065
LGBM,LightGBM,leaves15,VegIdx+RedEdge+TC+NDTI+IRECI+CRI1,438,1,0.7254778719159815,4.105811430163793
LGBM,LightGBM,leaves63,VegIdx+RedEdge+TC+NDTI+IRECI+CRI1,438,1,0.724171349893462,4.118659815299893
LGBM,LightGBM,leaves127,VegIdx+RedEdge+TC+NDTI+IRECI+CRI1,438,1,0.724171349893462,4.118659815299893
LGBM,LightGBM,leaves255,VegIdx+RedEdge+TC+NDTI+IRECI+CRI1,438,1,0.724171349893462,4.118659815299893
LGBM,LightGBM,lr0.01,VegIdx+RedEdge+TC+NDTI+IRECI+CRI1,438,1,0.7176269172379947,4.318193960421205
LGBM,LightGBM,lr0.1,VegIdx+RedEdge+TC+NDTI+IRECI+CRI1,438,1,0.7157864819692498,4.0932171561753234
LGBM,LightGBM,lr0.2,VegIdx+RedEdge+TC+NDTI+IRECI+CRI1,438,1,0.7107694086775025,4.273787600933399
LGBM,LightGBM,reg0.0,VegIdx+RedEdge+TC+NDTI+IRECI+CRI1,438,1,0.7232970055038255,4.047745577031704
LGBM,LightGBM,reg1.0,VegIdx+RedEdge+TC+NDTI+IRECI+CRI1,438,1,0.7302263612815568,4.028411657288818
LGBM,LightGBM,reg5.0,VegIdx+RedEdge+TC+NDTI+IRECI+CRI1,438,1,0.7291087393129733,4.058059121952007
LGBM,LightGBM,reg10.0,VegIdx+RedEdge+TC+NDTI+IRECI+CRI1,438,1,0.7352240050750324,4.033655364820569
LGBM,LightGBM,ss0.6,VegIdx+RedEdge+TC+NDTI+IRECI+CRI1,438,1,0.7243910205545085,4.038050978549179
LGBM,LightGBM,ss0.7,VegIdx+RedEdge+TC+NDTI+IRECI+CRI1,438,1,0.7262086028664912,4.019653370025888
LGBM,LightGBM,ss1.0,VegIdx+RedEdge+TC+NDTI+IRECI+CRI1,438,1,0.7244958529418047,4.0493282189861
LGBM,LightGBM,cs0.5,VegIdx+RedEdge+TC+NDTI+IRECI+CRI1,438,1,0.7271237196780939,4.0406456942889175
LGBM,LightGBM,cs0.7,VegIdx+RedEdge+TC+NDTI+IRECI+CRI1,438,1,0.731452213804289,4.025763816368025
LGBM,LightGBM,cs1.0,VegIdx+RedEdge+TC+NDTI+IRECI+CRI1,438,1,0.7227500575547542,4.069110054907563
LGBM,LightGBM,mcs5,VegIdx+RedEdge+TC+NDTI+IRECI+CRI1,438,1,0.7336540407448285,4.055904571271857
LGBM,LightGBM,mcs50,VegIdx+RedEdge+TC+NDTI+IRECI+CRI1,438,1,0.7176827430210665,4.133435603215136
LGBM,LightGBM,mcs100,VegIdx+RedEdge+TC+NDTI+IRECI+CRI1,438,1,0.7317339317047841,4.156583669692608
LGBM,LightGBM,strong_deep,VegIdx+RedEdge+TC+NDTI+IRECI+CRI1,438,1,0.7224482147877208,4.082979290456526
LGBM,LightGBM,strong_conservative,VegIdx+RedEdge+TC+NDTI+IRECI+CRI1,438,1,0.7268388216383331,4.0074055586263535
LGBM,LightGBM,strong_shallow,VegIdx+RedEdge+TC+NDTI+IRECI+CRI1,438,1,0.7314046721646053,4.002899908687222
LGBM,LightGBM,strong_wide,VegIdx+RedEdge+TC+NDTI+IRECI+CRI1,438,1,0.736081712118398,3.9690537864100928
LGBM,LightGBM,base,VegIdx+RedEdge+TC+NDTI+CRI1,408,1,0.7131780022417907,4.051805186263529
LGBM,LightGBM,n200,VegIdx+RedEdge+TC+NDTI+CRI1,408,1,0.7103694109944785,4.115793970278866
LGBM,LightGBM,n1000,VegIdx+RedEdge+TC+NDTI+CRI1,408,1,0.7138967720519012,4.040695497958373
LGBM,LightGBM,n2000,VegIdx+RedEdge+TC+NDTI+CRI1,408,1,0.7129405844615836,4.044278984593808
LGBM,LightGBM,depth4,VegIdx+RedEdge+TC+NDTI+CRI1,408,1,0.7155174725792136,4.118120826529921
LGBM,LightGBM,depth8,VegIdx+RedEdge+TC+NDTI+CRI1,408,1,0.7148239032866072,4.048553100121589
LGBM,LightGBM,depth12,VegIdx+RedEdge+TC+NDTI+CRI1,408,1,0.7099979911921164,4.08109587029397
LGBM,LightGBM,depth_none,VegIdx+RedEdge+TC+NDTI+CRI1,408,1,0.7108166184182885,4.058372378097004
LGBM,LightGBM,leaves15,VegIdx+RedEdge+TC+NDTI+CRI1,408,1,0.7145325403900112,4.060856187297046
LGBM,LightGBM,leaves63,VegIdx+RedEdge+TC+NDTI+CRI1,408,1,0.7099749315227393,4.075926731105755
LGBM,LightGBM,leaves127,VegIdx+RedEdge+TC+NDTI+CRI1,408,1,0.7099749315227393,4.075926731105755
LGBM,LightGBM,leaves255,VegIdx+RedEdge+TC+NDTI+CRI1,408,1,0.7099749315227393,4.075926731105755
LGBM,LightGBM,lr0.01,VegIdx+RedEdge+TC+NDTI+CRI1,408,1,0.7125544728212635,4.327983899031718
LGBM,LightGBM,lr0.1,VegIdx+RedEdge+TC+NDTI+CRI1,408,1,0.722210002293494,4.088075878793653
LGBM,LightGBM,lr0.2,VegIdx+RedEdge+TC+NDTI+CRI1,408,1,0.7136694321509833,4.25631963906463
LGBM,LightGBM,reg0.0,VegIdx+RedEdge+TC+NDTI+CRI1,408,1,0.7172310098553162,4.060283370587286
LGBM,LightGBM,reg1.0,VegIdx+RedEdge+TC+NDTI+CRI1,408,1,0.7187275424068461,4.045407441708639
LGBM,LightGBM,reg5.0,VegIdx+RedEdge+TC+NDTI+CRI1,408,1,0.7202175126835512,4.063719197258086
LGBM,LightGBM,reg10.0,VegIdx+RedEdge+TC+NDTI+CRI1,408,1,0.7297306763186678,4.0358736538385145
LGBM,LightGBM,ss0.6,VegIdx+RedEdge+TC+NDTI+CRI1,408,1,0.7197946036674662,4.0132468135963855
LGBM,LightGBM,ss0.7,VegIdx+RedEdge+TC+NDTI+CRI1,408,1,0.7227560157001407,4.017780028889471
LGBM,LightGBM,ss1.0,VegIdx+RedEdge+TC+NDTI+CRI1,408,1,0.7131780022417907,4.051805186263529
LGBM,LightGBM,cs0.5,VegIdx+RedEdge+TC+NDTI+CRI1,408,1,0.7231656086476227,4.033802486304468
LGBM,LightGBM,cs0.7,VegIdx+RedEdge+TC+NDTI+CRI1,408,1,0.7137024322819338,4.027616214143481
LGBM,LightGBM,cs1.0,VegIdx+RedEdge+TC+NDTI+CRI1,408,1,0.7170198188605451,4.071293928889935
LGBM,LightGBM,mcs5,VegIdx+RedEdge+TC+NDTI+CRI1,408,1,0.7271828090114939,4.046433951428476
LGBM,LightGBM,mcs50,VegIdx+RedEdge+TC+NDTI+CRI1,408,1,0.716342819346183,4.078701713151476
LGBM,LightGBM,mcs100,VegIdx+RedEdge+TC+NDTI+CRI1,408,1,0.7341004056881286,4.153621335186926
LGBM,LightGBM,strong_deep,VegIdx+RedEdge+TC+NDTI+CRI1,408,1,0.723578554895366,4.062665335457209
LGBM,LightGBM,strong_conservative,VegIdx+RedEdge+TC+NDTI+CRI1,408,1,0.7278667985321804,3.9838488323711143
LGBM,LightGBM,strong_shallow,VegIdx+RedEdge+TC+NDTI+CRI1,408,1,0.733998642036358,4.009954824409177
LGBM,LightGBM,strong_wide,VegIdx+RedEdge+TC+NDTI+CRI1,408,1,0.7271492595539062,3.960225431176439
LGBM,LightGBM,base,VegIdx+RedEdge+TC,348,1,0.7187407578983255,4.123226611983647
LGBM,LightGBM,n200,VegIdx+RedEdge+TC,348,1,0.7123407766697704,4.172741496699233
LGBM,LightGBM,n1000,VegIdx+RedEdge+TC,348,1,0.7183119274130676,4.127434530127786
LGBM,LightGBM,n2000,VegIdx+RedEdge+TC,348,1,0.7179969111783042,4.129543512202469
LGBM,LightGBM,depth4,VegIdx+RedEdge+TC,348,1,0.7150460427636863,4.196866318362376
LGBM,LightGBM,depth8,VegIdx+RedEdge+TC,348,1,0.7174366606788599,4.086066118253799
LGBM,LightGBM,depth12,VegIdx+RedEdge+TC,348,1,0.7114852843325378,4.102945589015012
LGBM,LightGBM,depth_none,VegIdx+RedEdge+TC,348,1,0.7136662271680048,4.103347837245385
LGBM,LightGBM,leaves15,VegIdx+RedEdge+TC,348,1,0.7177051217154434,4.116571174964203
LGBM,LightGBM,leaves63,VegIdx+RedEdge+TC,348,1,0.7173560476000332,4.118526415250188
LGBM,LightGBM,leaves127,VegIdx+RedEdge+TC,348,1,0.7173560476000332,4.118526415250188
LGBM,LightGBM,leaves255,VegIdx+RedEdge+TC,348,1,0.7173560476000332,4.118526415250188
LGBM,LightGBM,lr0.01,VegIdx+RedEdge+TC,348,1,0.7065911758910182,4.347597206170082
LGBM,LightGBM,lr0.1,VegIdx+RedEdge+TC,348,1,0.704476099416606,4.182330760359305
LGBM,LightGBM,lr0.2,VegIdx+RedEdge+TC,348,1,0.7025161559890871,4.322390446502956
LGBM,LightGBM,reg0.0,VegIdx+RedEdge+TC,348,1,0.7159823020644049,4.143456131109447
LGBM,LightGBM,reg1.0,VegIdx+RedEdge+TC,348,1,0.7195476824867035,4.100848972797715
LGBM,LightGBM,reg5.0,VegIdx+RedEdge+TC,348,1,0.724115136389262,4.113086324291306
LGBM,LightGBM,reg10.0,VegIdx+RedEdge+TC,348,1,0.7280107824254395,4.059111070556738
LGBM,LightGBM,ss0.6,VegIdx+RedEdge+TC,348,1,0.7132137875646313,4.117007354531891
LGBM,LightGBM,ss0.7,VegIdx+RedEdge+TC,348,1,0.7288110872916399,4.09149627802372
LGBM,LightGBM,ss1.0,VegIdx+RedEdge+TC,348,1,0.7187407578983255,4.123226611983647
LGBM,LightGBM,cs0.5,VegIdx+RedEdge+TC,348,1,0.7241315275736137,4.085198565485074
LGBM,LightGBM,cs0.7,VegIdx+RedEdge+TC,348,1,0.7277937334900577,4.11174106420016
LGBM,LightGBM,cs1.0,VegIdx+RedEdge+TC,348,1,0.7146887718518286,4.130433254764043
LGBM,LightGBM,mcs5,VegIdx+RedEdge+TC,348,1,0.7166616696940338,4.143596375231757
LGBM,LightGBM,mcs50,VegIdx+RedEdge+TC,348,1,0.7168143812399365,4.128331143450562
LGBM,LightGBM,mcs100,VegIdx+RedEdge+TC,348,1,0.7337036306933244,4.198163274850333
LGBM,LightGBM,strong_deep,VegIdx+RedEdge+TC,348,1,0.7080682974942426,4.150365419896742
LGBM,LightGBM,strong_conservative,VegIdx+RedEdge+TC,348,1,0.7173757056514648,4.060925251854329
LGBM,LightGBM,strong_shallow,VegIdx+RedEdge+TC,348,1,0.7300575614748656,4.09309220961394
LGBM,LightGBM,strong_wide,VegIdx+RedEdge+TC,348,1,0.7316854285356654,4.031779965650893
LGBM,LightGBM,base,VegIdx+RedEdge+TC+NDTI+IRECI+CRI1,438,2,0.7187206643913661,1.91159311931266
LGBM,LightGBM,n200,VegIdx+RedEdge+TC+NDTI+IRECI+CRI1,438,2,0.710950296729981,1.926488755196666
LGBM,LightGBM,n1000,VegIdx+RedEdge+TC+NDTI+IRECI+CRI1,438,2,0.7213764149961115,1.9093889801675727
LGBM,LightGBM,n2000,VegIdx+RedEdge+TC+NDTI+IRECI+CRI1,438,2,0.7232611685608915,1.9122472647214943
LGBM,LightGBM,depth4,VegIdx+RedEdge+TC+NDTI+IRECI+CRI1,438,2,0.6970072625259057,1.9998651295989245
LGBM,LightGBM,depth8,VegIdx+RedEdge+TC+NDTI+IRECI+CRI1,438,2,0.710463182825921,1.904615104377099
LGBM,LightGBM,depth12,VegIdx+RedEdge+TC+NDTI+IRECI+CRI1,438,2,0.7158312281989723,1.8949990546503064
LGBM,LightGBM,depth_none,VegIdx+RedEdge+TC+NDTI+IRECI+CRI1,438,2,0.7164038009948405,1.9051768355564844
LGBM,LightGBM,leaves15,VegIdx+RedEdge+TC+NDTI+IRECI+CRI1,438,2,0.7102261866048729,1.9603727662993609
LGBM,LightGBM,leaves63,VegIdx+RedEdge+TC+NDTI+IRECI+CRI1,438,2,0.719362598976803,1.903672983162547
LGBM,LightGBM,leaves127,VegIdx+RedEdge+TC+NDTI+IRECI+CRI1,438,2,0.719362598976803,1.903672983162547
LGBM,LightGBM,leaves255,VegIdx+RedEdge+TC+NDTI+IRECI+CRI1,438,2,0.719362598976803,1.903672983162547
LGBM,LightGBM,lr0.01,VegIdx+RedEdge+TC+NDTI+IRECI+CRI1,438,2,0.7020480786594954,2.0190474509804845
LGBM,LightGBM,lr0.1,VegIdx+RedEdge+TC+NDTI+IRECI+CRI1,438,2,0.7122519403585504,1.9366350344320005
LGBM,LightGBM,lr0.2,VegIdx+RedEdge+TC+NDTI+IRECI+CRI1,438,2,0.7001468828643619,2.0075666874528086
LGBM,LightGBM,reg0.0,VegIdx+RedEdge+TC+NDTI+IRECI+CRI1,438,2,0.7213918165665077,1.906551262837856
LGBM,LightGBM,reg1.0,VegIdx+RedEdge+TC+NDTI+IRECI+CRI1,438,2,0.7187300119413157,1.913461417354127
LGBM,LightGBM,reg5.0,VegIdx+RedEdge+TC+NDTI+IRECI+CRI1,438,2,0.7219545608111568,1.910109296026256
LGBM,LightGBM,reg10.0,VegIdx+RedEdge+TC+NDTI+IRECI+CRI1,438,2,0.7252176812435711,1.9040503379395128
LGBM,LightGBM,ss0.6,VegIdx+RedEdge+TC+NDTI+IRECI+CRI1,438,2,0.7131005046315936,1.9134877908315016
LGBM,LightGBM,ss0.7,VegIdx+RedEdge+TC+NDTI+IRECI+CRI1,438,2,0.7132316076811508,1.916112373566332
LGBM,LightGBM,ss1.0,VegIdx+RedEdge+TC+NDTI+IRECI+CRI1,438,2,0.7187206643913661,1.91159311931266
LGBM,LightGBM,cs0.5,VegIdx+RedEdge+TC+NDTI+IRECI+CRI1,438,2,0.725516509460744,1.908887273718576
LGBM,LightGBM,cs0.7,VegIdx+RedEdge+TC+NDTI+IRECI+CRI1,438,2,0.7270535851736234,1.904574345739401
LGBM,LightGBM,cs1.0,VegIdx+RedEdge+TC+NDTI+IRECI+CRI1,438,2,0.7140804161516824,1.9076421713851288
LGBM,LightGBM,mcs5,VegIdx+RedEdge+TC+NDTI+IRECI+CRI1,438,2,0.7046009738265838,1.9164768799848404
LGBM,LightGBM,mcs50,VegIdx+RedEdge+TC+NDTI+IRECI+CRI1,438,2,0.7109593680475902,1.9236012749594007
LGBM,LightGBM,mcs100,VegIdx+RedEdge+TC+NDTI+IRECI+CRI1,438,2,0.7025456212512121,1.953638350580185
LGBM,LightGBM,strong_deep,VegIdx+RedEdge+TC+NDTI+IRECI+CRI1,438,2,0.7182271718305618,1.860217951409869
LGBM,LightGBM,strong_conservative,VegIdx+RedEdge+TC+NDTI+IRECI+CRI1,438,2,0.7249832253246068,1.8722763312035808
LGBM,LightGBM,strong_shallow,VegIdx+RedEdge+TC+NDTI+IRECI+CRI1,438,2,0.7119013905525899,1.9589867793180755
LGBM,LightGBM,strong_wide,VegIdx+RedEdge+TC+NDTI+IRECI+CRI1,438,2,0.7250822389944197,1.8896844294123252
LGBM,LightGBM,base,VegIdx+RedEdge+TC+NDTI+CRI1,408,2,0.716758474076629,1.8991379466739555
LGBM,LightGBM,n200,VegIdx+RedEdge+TC+NDTI+CRI1,408,2,0.7097189870194449,1.9192604410560183
LGBM,LightGBM,n1000,VegIdx+RedEdge+TC+NDTI+CRI1,408,2,0.7168663425967697,1.9009163104806044
LGBM,LightGBM,n2000,VegIdx+RedEdge+TC+NDTI+CRI1,408,2,0.7181892345107888,1.9019927606779945
LGBM,LightGBM,depth4,VegIdx+RedEdge+TC+NDTI+CRI1,408,2,0.6861707111884661,1.9954593216853411
LGBM,LightGBM,depth8,VegIdx+RedEdge+TC+NDTI+CRI1,408,2,0.7214577359656266,1.8909103400393383
LGBM,LightGBM,depth12,VegIdx+RedEdge+TC+NDTI+CRI1,408,2,0.7098392494533932,1.89680367872783
LGBM,LightGBM,depth_none,VegIdx+RedEdge+TC+NDTI+CRI1,408,2,0.711755356111181,1.897151734271108
LGBM,LightGBM,leaves15,VegIdx+RedEdge+TC+NDTI+CRI1,408,2,0.7028890381086939,1.957527351514376
LGBM,LightGBM,leaves63,VegIdx+RedEdge+TC+NDTI+CRI1,408,2,0.7157299768954465,1.9006576520779184
LGBM,LightGBM,leaves127,VegIdx+RedEdge+TC+NDTI+CRI1,408,2,0.7156675179813483,1.9041527546337809
LGBM,LightGBM,leaves255,VegIdx+RedEdge+TC+NDTI+CRI1,408,2,0.7156675179813483,1.9041527546337809
LGBM,LightGBM,lr0.01,VegIdx+RedEdge+TC+NDTI+CRI1,408,2,0.7009571151762515,2.018258631964059
LGBM,LightGBM,lr0.1,VegIdx+RedEdge+TC+NDTI+CRI1,408,2,0.7052179049913233,1.938319369939853
LGBM,LightGBM,lr0.2,VegIdx+RedEdge+TC+NDTI+CRI1,408,2,0.6967431135613097,2.021464341151696
LGBM,LightGBM,reg0.0,VegIdx+RedEdge+TC+NDTI+CRI1,408,2,0.7171655554086809,1.9034646549679155
LGBM,LightGBM,reg1.0,VegIdx+RedEdge+TC+NDTI+CRI1,408,2,0.7174111141874301,1.909217693180044
LGBM,LightGBM,reg5.0,VegIdx+RedEdge+TC+NDTI+CRI1,408,2,0.7200379515198447,1.8990372963724893
LGBM,LightGBM,reg10.0,VegIdx+RedEdge+TC+NDTI+CRI1,408,2,0.7173153367255062,1.9098624513372315
LGBM,LightGBM,ss0.6,VegIdx+RedEdge+TC+NDTI+CRI1,408,2,0.7128558451422675,1.9170657002839568
LGBM,LightGBM,ss0.7,VegIdx+RedEdge+TC+NDTI+CRI1,408,2,0.7159954307860746,1.9140662389724905
LGBM,LightGBM,ss1.0,VegIdx+RedEdge+TC+NDTI+CRI1,408,2,0.716758474076629,1.8991379466739555
LGBM,LightGBM,cs0.5,VegIdx+RedEdge+TC+NDTI+CRI1,408,2,0.7231315756097926,1.898705438880147
LGBM,LightGBM,cs0.7,VegIdx+RedEdge+TC+NDTI+CRI1,408,2,0.7176266060025628,1.9118149645785891
LGBM,LightGBM,cs1.0,VegIdx+RedEdge+TC+NDTI+CRI1,408,2,0.7126941051361264,1.9138539797707688
LGBM,LightGBM,mcs5,VegIdx+RedEdge+TC+NDTI+CRI1,408,2,0.7142965543460459,1.902929584708019
LGBM,LightGBM,mcs50,VegIdx+RedEdge+TC+NDTI+CRI1,408,2,0.7104205001953617,1.9209345346509925
LGBM,LightGBM,mcs100,VegIdx+RedEdge+TC+NDTI+CRI1,408,2,0.7031848326812963,1.9505028663277064
LGBM,LightGBM,strong_deep,VegIdx+RedEdge+TC+NDTI+CRI1,408,2,0.7140008196224858,1.8564744350643647
LGBM,LightGBM,strong_conservative,VegIdx+RedEdge+TC+NDTI+CRI1,408,2,0.7245121973358405,1.8715823492711607
LGBM,LightGBM,strong_shallow,VegIdx+RedEdge+TC+NDTI+CRI1,408,2,0.706924397404901,1.958390620023907
LGBM,LightGBM,strong_wide,VegIdx+RedEdge+TC+NDTI+CRI1,408,2,0.7255584191374487,1.883392136877363
LGBM,LightGBM,base,VegIdx+RedEdge+TC,348,2,0.6441978093804018,1.993001886650236
LGBM,LightGBM,n200,VegIdx+RedEdge+TC,348,2,0.6402715966668353,2.005211957906174
LGBM,LightGBM,n1000,VegIdx+RedEdge+TC,348,2,0.6462078288755165,1.9926068167592288
LGBM,LightGBM,n2000,VegIdx+RedEdge+TC,348,2,0.6487993611012729,1.993157597599055
LGBM,LightGBM,depth4,VegIdx+RedEdge+TC,348,2,0.6415563805136766,2.0378491289233933
LGBM,LightGBM,depth8,VegIdx+RedEdge+TC,348,2,0.6304205133765531,1.990747872919029
LGBM,LightGBM,depth12,VegIdx+RedEdge+TC,348,2,0.6348601510180191,1.986624212497734
LGBM,LightGBM,depth_none,VegIdx+RedEdge+TC,348,2,0.6366872416605139,1.982635738965384
LGBM,LightGBM,leaves15,VegIdx+RedEdge+TC,348,2,0.6368087174783095,2.026715107200443
LGBM,LightGBM,leaves63,VegIdx+RedEdge+TC,348,2,0.6463635190023668,1.9853478525327883
LGBM,LightGBM,leaves127,VegIdx+RedEdge+TC,348,2,0.6463635190023668,1.9853478525327883
LGBM,LightGBM,leaves255,VegIdx+RedEdge+TC,348,2,0.6463635190023668,1.9853478525327883
LGBM,LightGBM,lr0.01,VegIdx+RedEdge+TC,348,2,0.6318176394775894,2.0979831941188616
LGBM,LightGBM,lr0.1,VegIdx+RedEdge+TC,348,2,0.6428258975605936,2.014562575396288
LGBM,LightGBM,lr0.2,VegIdx+RedEdge+TC,348,2,0.6201533972862122,2.0870132097663965
LGBM,LightGBM,reg0.0,VegIdx+RedEdge+TC,348,2,0.6424211412715547,1.988862965639624
LGBM,LightGBM,reg1.0,VegIdx+RedEdge+TC,348,2,0.6372962454667999,1.991640140316275
LGBM,LightGBM,reg5.0,VegIdx+RedEdge+TC,348,2,0.6547190257025988,1.986345578737356
LGBM,LightGBM,reg10.0,VegIdx+RedEdge+TC,348,2,0.6570620155088688,1.9850857319268205
LGBM,LightGBM,ss0.6,VegIdx+RedEdge+TC,348,2,0.6464398061908766,1.9765552058336036
LGBM,LightGBM,ss0.7,VegIdx+RedEdge+TC,348,2,0.650118526351006,1.9701876908131035
LGBM,LightGBM,ss1.0,VegIdx+RedEdge+TC,348,2,0.6441978093804018,1.993001886650236
LGBM,LightGBM,cs0.5,VegIdx+RedEdge+TC,348,2,0.6521073468255246,1.9836280179175088
LGBM,LightGBM,cs0.7,VegIdx+RedEdge+TC,348,2,0.6432740533807798,1.984630490397736
LGBM,LightGBM,cs1.0,VegIdx+RedEdge+TC,348,2,0.6367506409363632,1.9977400418300848
LGBM,LightGBM,mcs5,VegIdx+RedEdge+TC,348,2,0.6275641684961598,1.998919144335529
LGBM,LightGBM,mcs50,VegIdx+RedEdge+TC,348,2,0.6499271498883434,1.9954506099442584
LGBM,LightGBM,mcs100,VegIdx+RedEdge+TC,348,2,0.6355202041804446,2.0276329999330964
LGBM,LightGBM,strong_deep,VegIdx+RedEdge+TC,348,2,0.6555054076303413,1.9248204281552013
LGBM,LightGBM,strong_conservative,VegIdx+RedEdge+TC,348,2,0.661499086068431,1.9513699936193836
LGBM,LightGBM,strong_shallow,VegIdx+RedEdge+TC,348,2,0.6498718588660267,2.014034491550737
LGBM,LightGBM,strong_wide,VegIdx+RedEdge+TC,348,2,0.6739067217876246,1.947445957722999
LGBM,LightGBM,base,VegIdx+RedEdge+TC+NDTI+IRECI+CRI1,438,3,0.6984151422818003,4.597769203856822
LGBM,LightGBM,n200,VegIdx+RedEdge+TC+NDTI+IRECI+CRI1,438,3,0.7010028621570816,4.681473175230378
LGBM,LightGBM,n1000,VegIdx+RedEdge+TC+NDTI+IRECI+CRI1,438,3,0.6961529803233458,4.58788927493535
LGBM,LightGBM,n2000,VegIdx+RedEdge+TC+NDTI+IRECI+CRI1,438,3,0.6952401445955507,4.593949787402312
LGBM,LightGBM,depth4,VegIdx+RedEdge+TC+NDTI+IRECI+CRI1,438,3,0.7011433795639519,4.765061061638242
LGBM,LightGBM,depth8,VegIdx+RedEdge+TC+NDTI+IRECI+CRI1,438,3,0.7017725115963288,4.580880267114557
LGBM,LightGBM,depth12,VegIdx+RedEdge+TC+NDTI+IRECI+CRI1,438,3,0.6978053893494714,4.569600144889552
LGBM,LightGBM,depth_none,VegIdx+RedEdge+TC+NDTI+IRECI+CRI1,438,3,0.702478961682548,4.562037569432046
LGBM,LightGBM,leaves15,VegIdx+RedEdge+TC+NDTI+IRECI+CRI1,438,3,0.6973265004115445,4.6777736072579765
LGBM,LightGBM,leaves63,VegIdx+RedEdge+TC+NDTI+IRECI+CRI1,438,3,0.6983674112315978,4.639453847538455
LGBM,LightGBM,leaves127,VegIdx+RedEdge+TC+NDTI+IRECI+CRI1,438,3,0.6983674112315978,4.639453847538455
LGBM,LightGBM,leaves255,VegIdx+RedEdge+TC+NDTI+IRECI+CRI1,438,3,0.6983674112315978,4.639453847538455
LGBM,LightGBM,lr0.01,VegIdx+RedEdge+TC+NDTI+IRECI+CRI1,438,3,0.7051592543469679,4.968683883906655
LGBM,LightGBM,lr0.1,VegIdx+RedEdge+TC+NDTI+IRECI+CRI1,438,3,0.6954645063339843,4.675395218947612
LGBM,LightGBM,lr0.2,VegIdx+RedEdge+TC+NDTI+IRECI+CRI1,438,3,0.6776290152454457,4.861901609591453
LGBM,LightGBM,reg0.0,VegIdx+RedEdge+TC+NDTI+IRECI+CRI1,438,3,0.7021545470223401,4.626718483155695
LGBM,LightGBM,reg1.0,VegIdx+RedEdge+TC+NDTI+IRECI+CRI1,438,3,0.7006254394219308,4.597964190144807
LGBM,LightGBM,reg5.0,VegIdx+RedEdge+TC+NDTI+IRECI+CRI1,438,3,0.7081093438380061,4.615126201109244
LGBM,LightGBM,reg10.0,VegIdx+RedEdge+TC+NDTI+IRECI+CRI1,438,3,0.7107344359662083,4.607189573494627
LGBM,LightGBM,ss0.6,VegIdx+RedEdge+TC+NDTI+IRECI+CRI1,438,3,0.7053679269742389,4.60697274672367
LGBM,LightGBM,ss0.7,VegIdx+RedEdge+TC+NDTI+IRECI+CRI1,438,3,0.7007086792489732,4.564745726670319
LGBM,LightGBM,ss1.0,VegIdx+RedEdge+TC+NDTI+IRECI+CRI1,438,3,0.6984151422818003,4.597769203856822
LGBM,LightGBM,cs0.5,VegIdx+RedEdge+TC+NDTI+IRECI+CRI1,438,3,0.7028243509731392,4.565113477719024
LGBM,LightGBM,cs0.7,VegIdx+RedEdge+TC+NDTI+IRECI+CRI1,438,3,0.7065039081192044,4.59554041494806
LGBM,LightGBM,cs1.0,VegIdx+RedEdge+TC+NDTI+IRECI+CRI1,438,3,0.6931599501884524,4.644972857579338
LGBM,LightGBM,mcs5,VegIdx+RedEdge+TC+NDTI+IRECI+CRI1,438,3,0.694882608539391,4.624559177747142
LGBM,LightGBM,mcs50,VegIdx+RedEdge+TC+NDTI+IRECI+CRI1,438,3,0.7232756333403385,4.63023284825748
LGBM,LightGBM,mcs100,VegIdx+RedEdge+TC+NDTI+IRECI+CRI1,438,3,0.7116416739134097,4.659242605445848
LGBM,LightGBM,strong_deep,VegIdx+RedEdge+TC+NDTI+IRECI+CRI1,438,3,0.69791464557996,4.6563317836657125
LGBM,LightGBM,strong_conservative,VegIdx+RedEdge+TC+NDTI+IRECI+CRI1,438,3,0.7151039481689755,4.57270189193695
LGBM,LightGBM,strong_shallow,VegIdx+RedEdge+TC+NDTI+IRECI+CRI1,438,3,0.7097945542623024,4.648408119503433
LGBM,LightGBM,strong_wide,VegIdx+RedEdge+TC+NDTI+IRECI+CRI1,438,3,0.7113228817147254,4.571353504435415
LGBM,LightGBM,base,VegIdx+RedEdge+TC+NDTI+CRI1,408,3,0.7073669792037663,4.615427435149808
LGBM,LightGBM,n200,VegIdx+RedEdge+TC+NDTI+CRI1,408,3,0.7083044983752828,4.7088996540243
LGBM,LightGBM,n1000,VegIdx+RedEdge+TC+NDTI+CRI1,408,3,0.7047010544074958,4.604406648976556
LGBM,LightGBM,n2000,VegIdx+RedEdge+TC+NDTI+CRI1,408,3,0.7040362638590228,4.609094787048228
LGBM,LightGBM,depth4,VegIdx+RedEdge+TC+NDTI+CRI1,408,3,0.7011423082515158,4.776667316532809
LGBM,LightGBM,depth8,VegIdx+RedEdge+TC+NDTI+CRI1,408,3,0.7039323868906783,4.578810051090975
LGBM,LightGBM,depth12,VegIdx+RedEdge+TC+NDTI+CRI1,408,3,0.7108199751190732,4.546029524236453
LGBM,LightGBM,depth_none,VegIdx+RedEdge+TC+NDTI+CRI1,408,3,0.7075412701861623,4.530907494158593
LGBM,LightGBM,leaves15,VegIdx+RedEdge+TC+NDTI+CRI1,408,3,0.704855386678911,4.661863533051801
LGBM,LightGBM,leaves63,VegIdx+RedEdge+TC+NDTI+CRI1,408,3,0.7088409925576333,4.622917340148314
LGBM,LightGBM,leaves127,VegIdx+RedEdge+TC+NDTI+CRI1,408,3,0.7088409925576333,4.622917340148314
LGBM,LightGBM,leaves255,VegIdx+RedEdge+TC+NDTI+CRI1,408,3,0.7088409925576333,4.622917340148314
LGBM,LightGBM,lr0.01,VegIdx+RedEdge+TC+NDTI+CRI1,408,3,0.7013538241214753,4.973102430826758
LGBM,LightGBM,lr0.1,VegIdx+RedEdge+TC+NDTI+CRI1,408,3,0.6965844794365631,4.633726256157225
LGBM,LightGBM,lr0.2,VegIdx+RedEdge+TC+NDTI+CRI1,408,3,0.6907868558559563,4.832372719741816
LGBM,LightGBM,reg0.0,VegIdx+RedEdge+TC+NDTI+CRI1,408,3,0.7001166370301873,4.595187398985557
LGBM,LightGBM,reg1.0,VegIdx+RedEdge+TC+NDTI+CRI1,408,3,0.6970510796612447,4.622252870196963
LGBM,LightGBM,reg5.0,VegIdx+RedEdge+TC+NDTI+CRI1,408,3,0.7139761429032303,4.607102902022097
LGBM,LightGBM,reg10.0,VegIdx+RedEdge+TC+NDTI+CRI1,408,3,0.7135960001931477,4.632042136442794
LGBM,LightGBM,ss0.6,VegIdx+RedEdge+TC+NDTI+CRI1,408,3,0.6978073463513033,4.595609102254988
LGBM,LightGBM,ss0.7,VegIdx+RedEdge+TC+NDTI+CRI1,408,3,0.7123868890525168,4.6196703451449
LGBM,LightGBM,ss1.0,VegIdx+RedEdge+TC+NDTI+CRI1,408,3,0.7073669792037663,4.615427435149808
LGBM,LightGBM,cs0.5,VegIdx+RedEdge+TC+NDTI+CRI1,408,3,0.6980563126645606,4.602969486160884
LGBM,LightGBM,cs0.7,VegIdx+RedEdge+TC+NDTI+CRI1,408,3,0.7059891703832436,4.600908248168776
LGBM,LightGBM,cs1.0,VegIdx+RedEdge+TC+NDTI+CRI1,408,3,0.7000357762363705,4.629321813523131
LGBM,LightGBM,mcs5,VegIdx+RedEdge+TC+NDTI+CRI1,408,3,0.714989919234594,4.6314225195344205
LGBM,LightGBM,mcs50,VegIdx+RedEdge+TC+NDTI+CRI1,408,3,0.7287903189585897,4.652933643293805
LGBM,LightGBM,mcs100,VegIdx+RedEdge+TC+NDTI+CRI1,408,3,0.7125317261383355,4.661686558432915
LGBM,LightGBM,strong_deep,VegIdx+RedEdge+TC+NDTI+CRI1,408,3,0.7020525746062202,4.625054805717496
LGBM,LightGBM,strong_conservative,VegIdx+RedEdge+TC+NDTI+CRI1,408,3,0.7093684138469495,4.528204151215121
LGBM,LightGBM,strong_shallow,VegIdx+RedEdge+TC+NDTI+CRI1,408,3,0.7092802671016626,4.670067086569811
LGBM,LightGBM,strong_wide,VegIdx+RedEdge+TC+NDTI+CRI1,408,3,0.7005244605495924,4.549974961428574
LGBM,LightGBM,base,VegIdx+RedEdge+TC,348,3,0.675665738033267,4.948129536521131
LGBM,LightGBM,n200,VegIdx+RedEdge+TC,348,3,0.6724828917866542,5.084457461156363
LGBM,LightGBM,n1000,VegIdx+RedEdge+TC,348,3,0.67530475659578,4.928749757099108
LGBM,LightGBM,n2000,VegIdx+RedEdge+TC,348,3,0.6743146466891536,4.929748589767927
LGBM,LightGBM,depth4,VegIdx+RedEdge+TC,348,3,0.6646801076886046,5.083528261174033
LGBM,LightGBM,depth8,VegIdx+RedEdge+TC,348,3,0.6788465760178628,4.878608363300422
LGBM,LightGBM,depth12,VegIdx+RedEdge+TC,348,3,0.6688204142559789,4.88687937849253
LGBM,LightGBM,depth_none,VegIdx+RedEdge+TC,348,3,0.6702331505477833,4.885546008876954
LGBM,LightGBM,leaves15,VegIdx+RedEdge+TC,348,3,0.6627895122561513,4.999683960765772
LGBM,LightGBM,leaves63,VegIdx+RedEdge+TC,348,3,0.6730778789338249,4.999078490925834
LGBM,LightGBM,leaves127,VegIdx+RedEdge+TC,348,3,0.673248535422886,4.997149974922102
LGBM,LightGBM,leaves255,VegIdx+RedEdge+TC,348,3,0.673248535422886,4.997149974922102
LGBM,LightGBM,lr0.01,VegIdx+RedEdge+TC,348,3,0.670949848438234,5.328330329032819
LGBM,LightGBM,lr0.1,VegIdx+RedEdge+TC,348,3,0.6647173238950991,4.988184470673602
LGBM,LightGBM,lr0.2,VegIdx+RedEdge+TC,348,3,0.6325051451167167,5.157402191716887
LGBM,LightGBM,reg0.0,VegIdx+RedEdge+TC,348,3,0.6736451247122831,4.942316475384393
LGBM,LightGBM,reg1.0,VegIdx+RedEdge+TC,348,3,0.6680646660760368,4.9416122736498815
LGBM,LightGBM,reg5.0,VegIdx+RedEdge+TC,348,3,0.6770111439375722,4.942835613283505
LGBM,LightGBM,reg10.0,VegIdx+RedEdge+TC,348,3,0.6831534888820338,4.93367464396173
LGBM,LightGBM,ss0.6,VegIdx+RedEdge+TC,348,3,0.6899927808419865,4.9075685398716695
LGBM,LightGBM,ss0.7,VegIdx+RedEdge+TC,348,3,0.6887863949609004,4.914811293058854
LGBM,LightGBM,ss1.0,VegIdx+RedEdge+TC,348,3,0.675665738033267,4.948129536521131
LGBM,LightGBM,cs0.5,VegIdx+RedEdge+TC,348,3,0.6780872603074459,4.8632694727936085
LGBM,LightGBM,cs0.7,VegIdx+RedEdge+TC,348,3,0.6716080589236407,4.898017715283273
LGBM,LightGBM,cs1.0,VegIdx+RedEdge+TC,348,3,0.6673992138355116,4.973855028673038
LGBM,LightGBM,mcs5,VegIdx+RedEdge+TC,348,3,0.657915042492354,4.949987155593055
LGBM,LightGBM,mcs50,VegIdx+RedEdge+TC,348,3,0.719278043217182,4.982380505654238
LGBM,LightGBM,mcs100,VegIdx+RedEdge+TC,348,3,0.6973489808173722,4.9630011283784805
LGBM,LightGBM,strong_deep,VegIdx+RedEdge+TC,348,3,0.6792167513000017,4.936183496139313
LGBM,LightGBM,strong_conservative,VegIdx+RedEdge+TC,348,3,0.7034890878884537,4.778000975845054
LGBM,LightGBM,strong_shallow,VegIdx+RedEdge+TC,348,3,0.6835772571296505,4.9200645930701805
LGBM,LightGBM,strong_wide,VegIdx+RedEdge+TC,348,3,0.691838550624723,4.845376633173219
LGBM,LightGBM,base,VegIdx+RedEdge+TC+NDTI+IRECI+CRI1,438,4,0.7162409734283942,1.3523304647981815
LGBM,LightGBM,n200,VegIdx+RedEdge+TC+NDTI+IRECI+CRI1,438,4,0.69497328034217,1.3844929872090803
LGBM,LightGBM,n1000,VegIdx+RedEdge+TC+NDTI+IRECI+CRI1,438,4,0.7226552637749903,1.3527526635459193
LGBM,LightGBM,n2000,VegIdx+RedEdge+TC+NDTI+IRECI+CRI1,438,4,0.7259313102181436,1.3582005394748862
LGBM,LightGBM,depth4,VegIdx+RedEdge+TC+NDTI+IRECI+CRI1,438,4,0.7020182875855906,1.4143491519764404
LGBM,LightGBM,depth8,VegIdx+RedEdge+TC+NDTI+IRECI+CRI1,438,4,0.7159479433274446,1.356806862583111
LGBM,LightGBM,depth12,VegIdx+RedEdge+TC+NDTI+IRECI+CRI1,438,4,0.7010650148803593,1.36017376746549
LGBM,LightGBM,depth_none,VegIdx+RedEdge+TC+NDTI+IRECI+CRI1,438,4,0.7102031973325912,1.367757022433291
LGBM,LightGBM,leaves15,VegIdx+RedEdge+TC+NDTI+IRECI+CRI1,438,4,0.7066041149561993,1.4013586650244585
LGBM,LightGBM,leaves63,VegIdx+RedEdge+TC+NDTI+IRECI+CRI1,438,4,0.7109676199278617,1.3489763459745585
LGBM,LightGBM,leaves127,VegIdx+RedEdge+TC+NDTI+IRECI+CRI1,438,4,0.7109676199278617,1.3489763459745585
LGBM,LightGBM,leaves255,VegIdx+RedEdge+TC+NDTI+IRECI+CRI1,438,4,0.7109676199278617,1.3489763459745585
LGBM,LightGBM,lr0.01,VegIdx+RedEdge+TC+NDTI+IRECI+CRI1,438,4,0.6857628388085665,1.506001684517634
LGBM,LightGBM,lr0.1,VegIdx+RedEdge+TC+NDTI+IRECI+CRI1,438,4,0.7093202026459208,1.3839263729731923
LGBM,LightGBM,lr0.2,VegIdx+RedEdge+TC+NDTI+IRECI+CRI1,438,4,0.6950386806061615,1.4889554012291355
LGBM,LightGBM,reg0.0,VegIdx+RedEdge+TC+NDTI+IRECI+CRI1,438,4,0.7136979185553859,1.3413901024882748
LGBM,LightGBM,reg1.0,VegIdx+RedEdge+TC+NDTI+IRECI+CRI1,438,4,0.7151242584745567,1.3546286075228875
LGBM,LightGBM,reg5.0,VegIdx+RedEdge+TC+NDTI+IRECI+CRI1,438,4,0.7181760378543651,1.3555261213576468
LGBM,LightGBM,reg10.0,VegIdx+RedEdge+TC+NDTI+IRECI+CRI1,438,4,0.7202419098833143,1.3610937245602075
LGBM,LightGBM,ss0.6,VegIdx+RedEdge+TC+NDTI+IRECI+CRI1,438,4,0.720805375344141,1.3607862199915564
LGBM,LightGBM,ss0.7,VegIdx+RedEdge+TC+NDTI+IRECI+CRI1,438,4,0.7209921955880514,1.3557724034409162
LGBM,LightGBM,ss1.0,VegIdx+RedEdge+TC+NDTI+IRECI+CRI1,438,4,0.7162409734283942,1.3523304647981815
LGBM,LightGBM,cs0.5,VegIdx+RedEdge+TC+NDTI+IRECI+CRI1,438,4,0.7306798323888807,1.3459223597620673
LGBM,LightGBM,cs0.7,VegIdx+RedEdge+TC+NDTI+IRECI+CRI1,438,4,0.7160808814326839,1.3645531176871273
LGBM,LightGBM,cs1.0,VegIdx+RedEdge+TC+NDTI+IRECI+CRI1,438,4,0.719241521098874,1.3516121557169218
LGBM,LightGBM,mcs5,VegIdx+RedEdge+TC+NDTI+IRECI+CRI1,438,4,0.7072833991686469,1.358573349346366
LGBM,LightGBM,mcs50,VegIdx+RedEdge+TC+NDTI+IRECI+CRI1,438,4,0.7082597023158055,1.3846967549691385
LGBM,LightGBM,mcs100,VegIdx+RedEdge+TC+NDTI+IRECI+CRI1,438,4,0.712815777787954,1.4036451671993384
LGBM,LightGBM,strong_deep,VegIdx+RedEdge+TC+NDTI+IRECI+CRI1,438,4,0.7260969319316598,1.3064392688455904
LGBM,LightGBM,strong_conservative,VegIdx+RedEdge+TC+NDTI+IRECI+CRI1,438,4,0.7372834043561741,1.3386922635448273
LGBM,LightGBM,strong_shallow,VegIdx+RedEdge+TC+NDTI+IRECI+CRI1,438,4,0.7298258780120223,1.3984264916610858
LGBM,LightGBM,strong_wide,VegIdx+RedEdge+TC+NDTI+IRECI+CRI1,438,4,0.7419115021150317,1.3307519690670402
LGBM,LightGBM,base,VegIdx+RedEdge+TC+NDTI+CRI1,408,4,0.715031166411484,1.3681624573971782
LGBM,LightGBM,n200,VegIdx+RedEdge+TC+NDTI+CRI1,408,4,0.6927248817912481,1.401428676896559
LGBM,LightGBM,n1000,VegIdx+RedEdge+TC+NDTI+CRI1,408,4,0.72326476861763,1.3665831281838787
LGBM,LightGBM,n2000,VegIdx+RedEdge+TC+NDTI+CRI1,408,4,0.7271539832313576,1.370667159414232
LGBM,LightGBM,depth4,VegIdx+RedEdge+TC+NDTI+CRI1,408,4,0.696150346501066,1.4323334142626034
LGBM,LightGBM,depth8,VegIdx+RedEdge+TC+NDTI+CRI1,408,4,0.7136617047487798,1.355667885867908
LGBM,LightGBM,depth12,VegIdx+RedEdge+TC+NDTI+CRI1,408,4,0.7160986304682675,1.3510247995464664
LGBM,LightGBM,depth_none,VegIdx+RedEdge+TC+NDTI+CRI1,408,4,0.7187626984468568,1.3421546048581945
LGBM,LightGBM,leaves15,VegIdx+RedEdge+TC+NDTI+CRI1,408,4,0.700225146928597,1.4147678334871636
LGBM,LightGBM,leaves63,VegIdx+RedEdge+TC+NDTI+CRI1,408,4,0.7102377973744803,1.3539427084633295
LGBM,LightGBM,leaves127,VegIdx+RedEdge+TC+NDTI+CRI1,408,4,0.7102377973744803,1.3539427084633295
LGBM,LightGBM,leaves255,VegIdx+RedEdge+TC+NDTI+CRI1,408,4,0.7102377973744803,1.3539427084633295
LGBM,LightGBM,lr0.01,VegIdx+RedEdge+TC+NDTI+CRI1,408,4,0.6846268042684533,1.5124616858057367
LGBM,LightGBM,lr0.1,VegIdx+RedEdge+TC+NDTI+CRI1,408,4,0.7012411070394937,1.383924002854615
LGBM,LightGBM,lr0.2,VegIdx+RedEdge+TC+NDTI+CRI1,408,4,0.6929290031858861,1.4601055785449168
LGBM,LightGBM,reg0.0,VegIdx+RedEdge+TC+NDTI+CRI1,408,4,0.7251085312368127,1.3545765233699223
LGBM,LightGBM,reg1.0,VegIdx+RedEdge+TC+NDTI+CRI1,408,4,0.7094637748771601,1.3612270728836555
LGBM,LightGBM,reg5.0,VegIdx+RedEdge+TC+NDTI+CRI1,408,4,0.7125611189597628,1.3603218217938369
LGBM,LightGBM,reg10.0,VegIdx+RedEdge+TC+NDTI+CRI1,408,4,0.7214703771835188,1.3519287837609055
LGBM,LightGBM,ss0.6,VegIdx+RedEdge+TC+NDTI+CRI1,408,4,0.7298669245820467,1.371582681481639
LGBM,LightGBM,ss0.7,VegIdx+RedEdge+TC+NDTI+CRI1,408,4,0.7364260637264551,1.3714802412891314
LGBM,LightGBM,ss1.0,VegIdx+RedEdge+TC+NDTI+CRI1,408,4,0.715031166411484,1.3681624573971782
LGBM,LightGBM,cs0.5,VegIdx+RedEdge+TC+NDTI+CRI1,408,4,0.726068580335916,1.350498419360614
LGBM,LightGBM,cs0.7,VegIdx+RedEdge+TC+NDTI+CRI1,408,4,0.716102033908523,1.356489526161621
LGBM,LightGBM,cs1.0,VegIdx+RedEdge+TC+NDTI+CRI1,408,4,0.7114078802669367,1.3710818983025408
LGBM,LightGBM,mcs5,VegIdx+RedEdge+TC+NDTI+CRI1,408,4,0.7177345482057098,1.3543896250818148
LGBM,LightGBM,mcs50,VegIdx+RedEdge+TC+NDTI+CRI1,408,4,0.7088870363274383,1.392020485320365
LGBM,LightGBM,mcs100,VegIdx+RedEdge+TC+NDTI+CRI1,408,4,0.708933723067669,1.403768928973452
LGBM,LightGBM,strong_deep,VegIdx+RedEdge+TC+NDTI+CRI1,408,4,0.7272189707289617,1.3189172065438657
LGBM,LightGBM,strong_conservative,VegIdx+RedEdge+TC+NDTI+CRI1,408,4,0.7381151665046688,1.3319445188412324
LGBM,LightGBM,strong_shallow,VegIdx+RedEdge+TC+NDTI+CRI1,408,4,0.7129086901855147,1.3966823013403171
LGBM,LightGBM,strong_wide,VegIdx+RedEdge+TC+NDTI+CRI1,408,4,0.7410788060801105,1.3293961094260625
LGBM,LightGBM,base,VegIdx+RedEdge+TC,348,4,0.6434428552411425,1.395873388306889
LGBM,LightGBM,n200,VegIdx+RedEdge+TC,348,4,0.6199439626914781,1.421716796274285
LGBM,LightGBM,n1000,VegIdx+RedEdge+TC,348,4,0.654446181434634,1.391212973540996
LGBM,LightGBM,n2000,VegIdx+RedEdge+TC,348,4,0.6589124713515353,1.3957136937768853
LGBM,LightGBM,depth4,VegIdx+RedEdge+TC,348,4,0.6438327606068064,1.4520952133124427
LGBM,LightGBM,depth8,VegIdx+RedEdge+TC,348,4,0.6451493031996717,1.3818872630291037
LGBM,LightGBM,depth12,VegIdx+RedEdge+TC,348,4,0.6349000793283203,1.3788304344008362
LGBM,LightGBM,depth_none,VegIdx+RedEdge+TC,348,4,0.6369759399519305,1.3834700201286914
LGBM,LightGBM,leaves15,VegIdx+RedEdge+TC,348,4,0.6364546492579342,1.4433477527054492
LGBM,LightGBM,leaves63,VegIdx+RedEdge+TC,348,4,0.6506679715917327,1.379446606947384
LGBM,LightGBM,leaves127,VegIdx+RedEdge+TC,348,4,0.6506679715917327,1.379446606947384
LGBM,LightGBM,leaves255,VegIdx+RedEdge+TC,348,4,0.6506679715917327,1.379446606947384
LGBM,LightGBM,lr0.01,VegIdx+RedEdge+TC,348,4,0.5983791894265926,1.5433535040171191
LGBM,LightGBM,lr0.1,VegIdx+RedEdge+TC,348,4,0.6650903030824371,1.405537695116383
LGBM,LightGBM,lr0.2,VegIdx+RedEdge+TC,348,4,0.6278682574654976,1.499480491608532
LGBM,LightGBM,reg0.0,VegIdx+RedEdge+TC,348,4,0.6457324288522358,1.3896108896597932
LGBM,LightGBM,reg1.0,VegIdx+RedEdge+TC,348,4,0.6422964529898542,1.3872345761583555
LGBM,LightGBM,reg5.0,VegIdx+RedEdge+TC,348,4,0.6511882342192319,1.3786881368987924
LGBM,LightGBM,reg10.0,VegIdx+RedEdge+TC,348,4,0.6493388375878638,1.3829555674044391
LGBM,LightGBM,ss0.6,VegIdx+RedEdge+TC,348,4,0.67312876920577,1.392362013118356
LGBM,LightGBM,ss0.7,VegIdx+RedEdge+TC,348,4,0.6601924202340497,1.3905079440843613
LGBM,LightGBM,ss1.0,VegIdx+RedEdge+TC,348,4,0.6434428552411425,1.395873388306889
LGBM,LightGBM,cs0.5,VegIdx+RedEdge+TC,348,4,0.6633457179210533,1.380557387307099
LGBM,LightGBM,cs0.7,VegIdx+RedEdge+TC,348,4,0.6450260969705776,1.386711712041715
LGBM,LightGBM,cs1.0,VegIdx+RedEdge+TC,348,4,0.6359742459547263,1.3954038580398245
LGBM,LightGBM,mcs5,VegIdx+RedEdge+TC,348,4,0.6397890640917548,1.3879947516399609
LGBM,LightGBM,mcs50,VegIdx+RedEdge+TC,348,4,0.6585954021731529,1.3967766558673358
LGBM,LightGBM,mcs100,VegIdx+RedEdge+TC,348,4,0.661802762493521,1.4221500278712702
LGBM,LightGBM,strong_deep,VegIdx+RedEdge+TC,348,4,0.6319793871409939,1.3276228415721916
LGBM,LightGBM,strong_conservative,VegIdx+RedEdge+TC,348,4,0.6781255152439817,1.3478499223114162
LGBM,LightGBM,strong_shallow,VegIdx+RedEdge+TC,348,4,0.6650132062849404,1.411628890626008
LGBM,LightGBM,strong_wide,VegIdx+RedEdge+TC,348,4,0.6721571112651851,1.361518396071986
V8,unknown,model,v5_glcm_lbp,924,-1,0.6746601028982743,3.3414723675445264
V8,unknown,model,v5_glcm_lbp,924,-1,0.6748557079372156,3.309903004650959
V8,unknown,model,v5_glcm_lbp,924,-1,0.6799183453186558,3.9050130662703055
V8,unknown,model,v5_glcm_lbp,924,-1,0.6848774534997267,3.220058872285126
V8,unknown,model,v5_glcm_lbp,924,-1,0.661846601638437,3.3346909235101805
V8,unknown,model,v5_glcm_lbp,924,-1,0.6749250692299816,3.3319065419590426
V8,unknown,model,v5_glcm_lbp,924,-1,0.6652602549371441,3.609675824480265
V8,unknown,model,v5_glcm_lbp,924,-1,0.6553007169987596,4.647831767668895
V8,unknown,model,v5_glcm_lbp,924,-1,0.6641319921721831,4.583118541970221
V8,unknown,model,v5_glcm_lbp,924,-1,0.6428383843969104,4.826190490542936
V8,unknown,model,v5_glcm_lbp,924,-1,0.6717783692645494,4.432242490110761
V8,unknown,model,v5_glcm_lbp,924,-1,0.6626711704028398,4.51139576677734
V8,unknown,model,v5_glcm_lbp,924,-1,0.6559081186984094,4.638783120386261
V8,unknown,model,v5_glcm_lbp,924,-1,0.6183123920939354,4.728598460949474
V8,unknown,model,v5_glcm_lbp,924,-1,0.5924561978474839,2.238798873264113
V8,unknown,model,v5_glcm_lbp,924,-1,0.6049505594279335,2.142918961704745
V8,unknown,model,v5_glcm_lbp,924,-1,0.6320425647398286,2.33470101779077
V8,unknown,model,v5_glcm_lbp,924,-1,0.6255345764720897,2.0913314298950505
V8,unknown,model,v5_glcm_lbp,924,-1,0.5986814638618326,2.076861776554902
V8,unknown,model,v5_glcm_lbp,924,-1,0.5971649363262923,2.232631810094114
V8,unknown,model,v5_glcm_lbp,924,-1,0.6287606249350562,2.177208778617018
V8,unknown,model,v5_glcm_lbp,924,-1,0.6016433171661976,6.01146787238927
V8,unknown,model,v5_glcm_lbp,924,-1,0.6184791163653448,5.809534380087172
V8,unknown,model,v5_glcm_lbp,924,-1,0.5964341800600222,5.626342244831777
V8,unknown,model,v5_glcm_lbp,924,-1,0.6440749038860278,5.452384007306051
V8,unknown,model,v5_glcm_lbp,924,-1,0.6498637714675786,5.533755182962349
V8,unknown,model,v5_glcm_lbp,924,-1,0.6013089520558328,6.00134625746667
V8,unknown,model,v5_glcm_lbp,924,-1,0.5790423794521083,5.496334817798677
V8,unknown,model,v5_glcm_lbp,924,-1,0.6728856310026327,1.45582159931296
V8,unknown,model,v5_glcm_lbp,924,-1,0.6544165035456879,1.412981581970088
V8,unknown,model,v5_glcm_lbp,924,-1,0.6572636379043441,1.6372075528852217
V8,unknown,model,v5_glcm_lbp,924,-1,0.6758525185901395,1.3759104016443868
V8,unknown,model,v5_glcm_lbp,924,-1,0.6359629320354133,1.3730124815858664
V8,unknown,model,v5_glcm_lbp,924,-1,0.6772096086126292,1.4522383861795052
V8,unknown,model,v5_glcm_lbp,924,-1,0.6673059568334897,1.4951780919985451
V4_trees,extratrees,extratrees_500_feat_all_core,all_core,2109,0,0.6748207843695057,3.3392807530675563
V4_trees,rf,rf_500_feat_all_core,all_core,2109,0,0.6837371550697077,3.2294781608448475
V4_trees,catboost,catboost_1000_feat_all_core,all_core,2109,0,0.6712339920389128,3.9991377284548175
V4_trees,extratrees,extratrees_500_third_feat_all_core,all_core,2109,0,0.6924093163891497,3.1351169353347066
V4_trees,rf,rf_500_third_feat_all_core,all_core,2109,0,0.6685209327866279,3.269121394250068
V4_trees,extratrees,extratrees_1000_feat_all_core,all_core,2109,0,0.6753132568062733,3.33537006699826
V4_trees,catboost,catboost_deeper_feat_all_core,all_core,2109,0,0.6621157394469329,3.720457675590806
V4_trees,extratrees,extratrees_500_feat_bands_and_indices,bands_and_indices,798,0,0.675969391292068,3.3454997044070205
V4_trees,rf,rf_500_feat_bands_and_indices,bands_and_indices,798,0,0.6747576983586839,3.30732166293498
V4_trees,catboost,catboost_1000_feat_bands_and_indices,bands_and_indices,798,0,0.6572465790166254,3.915845297685073
V4_trees,extratrees,extratrees_500_third_feat_bands_and_indices,bands_and_indices,798,0,0.6857178244281471,3.2209727647739466
V4_trees,rf,rf_500_third_feat_bands_and_indices,bands_and_indices,798,0,0.6592852116757743,3.35137504695999
V4_trees,extratrees,extratrees_1000_feat_bands_and_indices,bands_and_indices,798,0,0.6770846442130893,3.33694613284484
V4_trees,catboost,catboost_deeper_feat_bands_and_indices,bands_and_indices,798,0,0.6622876868109471,3.619023627369721
V4_trees,extratrees,extratrees_500_feat_bands_only,bands_only,480,0,0.6659451137283215,3.5146061932820425
V4_trees,rf,rf_500_feat_bands_only,bands_only,480,0,0.6601581765426632,3.4889547988763154
V4_trees,catboost,catboost_1000_feat_bands_only,bands_only,480,0,0.6523706781527084,4.02895249455256
V4_trees,extratrees,extratrees_500_third_feat_bands_only,bands_only,480,0,0.6767906721023956,3.3997841632805827
V4_trees,rf,rf_500_third_feat_bands_only,bands_only,480,0,0.6497675609616534,3.5430754502018305
V4_trees,extratrees,extratrees_1000_feat_bands_only,bands_only,480,0,0.6661700160106682,3.5124489678539352
V4_trees,catboost,catboost_deeper_feat_bands_only,bands_only,480,0,0.6522731332632187,3.8446875041115263
V4_trees,extratrees,extratrees_500_feat_indices_only,indices_only,318,0,0.6546665584029933,3.543776576512508
V4_trees,rf,rf_500_feat_indices_only,indices_only,318,0,0.6568022899508682,3.439013049523284
V4_trees,catboost,catboost_1000_feat_indices_only,indices_only,318,0,0.6127326592955609,4.082612116280885
V4_trees,extratrees,extratrees_500_third_feat_indices_only,indices_only,318,0,0.6688477007495077,3.376622747112272
V4_trees,rf,rf_500_third_feat_indices_only,indices_only,318,0,0.6450715754098139,3.414971636683632
V4_trees,extratrees,extratrees_1000_feat_indices_only,indices_only,318,0,0.6559811793848108,3.5372826165674103
V4_trees,catboost,catboost_deeper_feat_indices_only,indices_only,318,0,0.6356967711707499,3.8054281073917817
